Type,Filter,TRUTH.TOTAL,TRUTH.TP,TRUTH.FN,QUERY.TOTAL,QUERY.FP,QUERY.UNK,FP.gt,FP.al,METRIC.Recall,METRIC.Precision,METRIC.Frac_NA,METRIC.F1_Score,TRUTH.TOTAL.TiTv_ratio,QUERY.TOTAL.TiTv_ratio,TRUTH.TOTAL.het_hom_ratio,QUERY.TOTAL.het_hom_ratio,	run
INDEL,ALL,525469,519079,6390,892719,3369,348852,2473,421,0.9878389999999999,0.9938049999999999,0.390775,0.9908129999999999,,,1.528275734138537,1.892501405134311,	deepvariant_HG002
INDEL,PASS,525469,519079,6390,892719,3369,348852,2473,421,0.9878389999999999,0.9938049999999999,0.390775,0.9908129999999999,,,1.528275734138537,1.892501405134311,	deepvariant_HG002
SNP,ALL,3365127,3344672,20455,3840687,6131,488147,1391,617,0.9939209999999999,0.9981709999999999,0.127099,0.996042,2.1001284867575745,1.9864187695046072,1.5811958532541182,1.4980722697104238,	deepvariant_HG002
SNP,PASS,3365127,3344672,20455,3840687,6131,488147,1391,617,0.9939209999999999,0.9981709999999999,0.127099,0.996042,2.1001284867575745,1.9864187695046072,1.5811958532541182,1.4980722697104238,	deepvariant_HG002
INDEL,ALL,525469,503744,21725,883066,25587,336867,14646,1947,0.958656,0.9531540000000001,0.381474,0.9558969999999999,,,1.528275734138537,1.8569783859389846,	freebayes_HG002
INDEL,PASS,525469,503744,21725,883066,25587,336867,14646,1947,0.958656,0.9531540000000001,0.381474,0.9558969999999999,,,1.528275734138537,1.8569783859389846,	freebayes_HG002
SNP,ALL,3365127,3344366,20761,4404601,129353,927169,3829,16162,0.9938309999999999,0.962802,0.2105,0.9780700000000001,2.1001284867575745,1.823320721441242,1.5811958532541182,1.875393750028574,	freebayes_HG002
SNP,PASS,3365127,3344366,20761,4404601,129353,927169,3829,16162,0.9938309999999999,0.962802,0.2105,0.9780700000000001,2.1001284867575745,1.823320721441242,1.5811958532541182,1.875393750028574,	freebayes_HG002
