Type,Filter,TRUTH.TOTAL,TRUTH.TP,TRUTH.FN,QUERY.TOTAL,QUERY.FP,QUERY.UNK,FP.gt,FP.al,METRIC.Recall,METRIC.Precision,METRIC.Frac_NA,METRIC.F1_Score,TRUTH.TOTAL.TiTv_ratio,QUERY.TOTAL.TiTv_ratio,TRUTH.TOTAL.het_hom_ratio,QUERY.TOTAL.het_hom_ratio,	run
INDEL,ALL,525469,520048,5421,908475,2949,363798,2010,455,0.989684,0.9945860000000001,0.400449,0.992129,,,1.528275734138537,1.9313187724266925,	deepvariant_HG002
INDEL,PASS,525469,520048,5421,908475,2949,363798,2010,455,0.989684,0.9945860000000001,0.400449,0.992129,,,1.528275734138537,1.9313187724266925,	deepvariant_HG002
SNP,ALL,3365127,3344549,20578,3841759,5292,490176,1401,562,0.993885,0.9984209999999999,0.127592,0.9961479999999999,2.1001284867575745,1.9839843850083037,1.5811958532541182,1.4858796715961773,	deepvariant_HG002
SNP,PASS,3365127,3344549,20578,3841759,5292,490176,1401,562,0.993885,0.9984209999999999,0.127592,0.9961479999999999,2.1001284867575745,1.9839843850083037,1.5811958532541182,1.4858796715961773,	deepvariant_HG002
